{"count":1,"gauges":{},"self":15.659827199999999,"total":16.8234937,"children":{"AgentResetIfDone":{"count":774,"self":0.0129981,"total":0.0129981,"children":null},"AgentSendState":{"count":774,"self":0.036681399999999996,"total":0.047641699999999995,"children":{"CollectObservations":{"count":1552,"self":0.0109603,"total":0.0109603,"children":null}}},"DecideAction":{"count":774,"self":0.8606225,"total":1.0441342,"children":{"RayPerceptionSensor.Perceive":{"count":1552,"self":0.1835117,"total":0.1835117,"children":null}}},"AcademyStep":{"count":774,"self":0.0010019999999999999,"total":0.0010019999999999999,"children":null},"AgentAct":{"count":774,"self":0.0558973,"total":0.0558973,"children":null}}}